{
  "!  허성범#3850": 1595060401.9260352,
  "디엘#7408": 1595033474.216118,
  "Man#5958": 1595060407.9708686,
  "Developer Cream#8131": 1595034322.0210147,
  "hminkoo10#7777": 1595057801.6117887
}